Patron ID	Patron Group	Enrollment Date	Expiration Date	Email	First Name	Last Name	Address Line 1	City	State	Zip Code	Country	Username	Active User	Address Line 2
7775277	1			cproctor36@fakelibrary.edu	Christine	Proctor	27330 Ruth Field	Port Michaelborough	North Dakota	562	US	cproctor36	TRUE	
3546024	3			ngallagher74@fakelibrary.edu	Nicole	Gallagher	36910 Joseph Summit	Lake Kevin	North Dakota	815	US	ngallagher74	TRUE	
5165414	3			ftaylor99@fakelibrary.edu	Frank	Taylor	1134 Sean Estate	Lake Kevin	North Dakota	1551	US	ftaylor99	TRUE	Suite 677
437066	2	2019-01-01	2023-05-31	kfletcher82@fakelibrary.edu	Kellie	Fletcher	25486 Karen Spur	West Michaelfurt	North Dakota	1810	US	kfletcher82	FALSE	Apt. 777
2212081	2	2023-06-01	2027-12-31	bpearson22@fakelibrary.edu	Betty	Pearson	75879 Brandon Grove	Lake Stevenmouth	North Dakota	2899	US	bpearson22	TRUE	
4307174	3			llloyd92@fakelibrary.edu	Linda	Lloyd	7577 Angel Ramp	New Kimberly	North Dakota	2903	US	llloyd92	TRUE	Apt. 884
4810407	2	2021-01-01	2025-05-31	jhenderson63@fakelibrary.edu	Julie	Henderson	33879 Tom Courts	Lake Kevin	North Dakota	2993	US	jhenderson63	TRUE	Apt. 539
2343129	2	2021-01-01	2025-05-31	rcastillo42@fakelibrary.edu	Robert	Castillo	7009 Dominique Street	Lake Kevin	North Dakota	3013	US	rcastillo42	TRUE	
6292904	2	2023-06-01	2027-12-31	sperez99@fakelibrary.edu	Sarah	Perez	941 Brown Track	South Gloria	North Dakota	3080	US	sperez99	TRUE	
7471568	3			dray66@fakelibrary.edu	Daniel	Ray	88013 John Junction	Stephaniemouth	North Dakota	3090	US	dray66	TRUE	
1745955	2	2023-06-01	2027-12-31	arodriguez57@fakelibrary.edu	Andrew	Rodriguez	110 Jackson Court	North Natalie	North Dakota	3314	US	arodriguez57	TRUE	Suite 843
2589985	2	2021-01-01	2025-05-31	gcooper78@fakelibrary.edu	Gary	Cooper	82466 Ashley Crescent	Lake Kevin	North Dakota	3383	US	gcooper78	TRUE	Apt. 119
3393451	2	2023-06-01	2027-12-31	jparrish78@fakelibrary.edu	Juan	Parrish	54829 Jackie Spurs	North Bridgetside	North Dakota	3594	US	jparrish78	TRUE	Suite 694
5291427	2	2023-06-01	2027-12-31	mjames87@fakelibrary.edu	Megan	James	1289 Cameron Circle	South Julia	North Dakota	4334	US	mjames87	TRUE	
8876034	3			wgreer23@fakelibrary.edu	William	Greer	6439 Rebecca Mill	Port Jeffreyport	North Dakota	4526	US	wgreer23	TRUE	
9219298	2	2019-01-01	2023-05-31	award86@fakelibrary.edu	Austin	Ward	66674 Crystal Canyon	West Benjamin	North Dakota	4908	US	award86	FALSE	Apt. 719
9002845	2	2023-06-01	2027-12-31	jholmes65@fakelibrary.edu	Jason	Holmes	6901 Joseph Hill	Lake Kevin	North Dakota	5134	US	jholmes65	TRUE	
5322091	2	2023-06-01	2027-12-31	mjoyce61@fakelibrary.edu	Melinda	Joyce	314 Zimmerman Wall	Marktown	North Dakota	5296	US	mjoyce61	TRUE	Apt. 150
5798155	2	2023-06-01	2027-12-31	jarnold51@fakelibrary.edu	Jeremy	Arnold	8699 Osborne Flat	Lake Kevin	North Dakota	5318	US	jarnold51	TRUE	
6558994	2	2021-01-01	2025-05-31	mwilson76@fakelibrary.edu	Mary	Wilson	9772 Richards Branch	Lake Kevin	North Dakota	6847	US	mwilson76	TRUE	Suite 730
1685152	3			tholden92@fakelibrary.edu	Tamara	Holden	8353 April Stream	Lake Kevin	North Dakota	7299	US	tholden92	TRUE	
2770789	2	2021-01-01	2025-05-31	bmerritt95@fakelibrary.edu	Brett	Merritt	89154 Diane Via	Lake Kevin	North Dakota	7539	US	bmerritt95	TRUE	Suite 457
7862984	2	2023-06-01	2027-12-31	kbarber75@fakelibrary.edu	Kevin	Barber	826 Ashley Freeway	Richardville	North Dakota	7556	US	kbarber75	TRUE	
6649746	2	2021-01-01	2025-05-31	anelson75@fakelibrary.edu	Angela	Nelson	99505 Cook Springs	Lake Kevin	North Dakota	7719	US	anelson75	TRUE	
1351378	2	2019-01-01	2023-05-31	wbartlett92@fakelibrary.edu	William	Bartlett	806 Danny Path	West Amandaville	North Dakota	7920	US	wbartlett92	FALSE	
9013278	2	2023-06-01	2027-12-31	jnewman11@fakelibrary.edu	Jimmy	Newman	3669 Anthony Fields	North Anna	North Dakota	8608	US	jnewman11	TRUE	Apt. 771
4349273	3			amiller19@fakelibrary.edu	Amy	Miller	18813 Charles Rapid	Leachtown	North Dakota	9355	US	amiller19	TRUE	
1776485	2	2023-06-01	2027-12-31	btucker76@fakelibrary.edu	Brandon	Tucker	74977 Johnny Islands	South Jameston	North Dakota	9758	US	btucker76	TRUE	Apt. 447
3534106	2	2021-01-01	2025-05-31	rmarquez58@fakelibrary.edu	Rebecca	Marquez	17627 Alexis Island	Lake Kevin	North Dakota	9814	US	rmarquez58	TRUE	Apt. 940
7551994	2	2019-01-01	2023-05-31	tdavis88@fakelibrary.edu	Tanya	Davis	529 Monica Shoal	West Duane	North Dakota	11260	US	tdavis88	FALSE	
1286533	2	2023-06-01	2027-12-31	ddunn54@fakelibrary.edu	David	Dunn	34257 Roberto Flat	Port Dwayne	North Dakota	11564	US	ddunn54	TRUE	Apt. 671
9139268	1			mmalone76@fakelibrary.edu	Miguel	Malone	205 Wiggins Estates	West Christopher	North Dakota	11731	US	mmalone76	FALSE	
2906133	3			hbean50@fakelibrary.edu	Heather	Bean	90918 Mendez Road	Lake Kevin	North Dakota	12089	US	hbean50	TRUE	Suite 333
9382473	2	2023-06-01	2027-12-31	sdavis34@fakelibrary.edu	Susan	Davis	0792 Rebecca Mountains	Michelestad	North Dakota	12295	US	sdavis34	TRUE	Suite 105
8124579	2	2023-06-01	2027-12-31	acraig50@fakelibrary.edu	Anthony	Craig	27804 Vega Shoal	Lake Matthew	North Dakota	12305	US	acraig50	TRUE	Apt. 024
1123067	2	2023-06-01	2027-12-31	thurley47@fakelibrary.edu	Timothy	Hurley	1973 Kaitlin Mountains	Port Ryanborough	North Dakota	12602	US	thurley47	TRUE	
285865	3			jnunez67@fakelibrary.edu	Jeremy	Nunez	62836 Sophia Rest	Lake Kevin	North Dakota	12933	US	jnunez67	TRUE	Suite 367
4647171	2	2023-06-01	2027-12-31	clewis20@fakelibrary.edu	Cheryl	Lewis	844 Angela Curve	Moorefurt	North Dakota	13012	US	clewis20	TRUE	Apt. 035
8459442	2	2023-06-01	2027-12-31	asmith97@fakelibrary.edu	Angela	Smith	54545 James Shore	Lake Kevin	North Dakota	13696	US	asmith97	TRUE	Apt. 961
8060013	2	2021-01-01	2025-05-31	jrodriguez78@fakelibrary.edu	Jamie	Rodriguez	748 James Ways	Lake Kevin	North Dakota	13838	US	jrodriguez78	TRUE	Apt. 859
7302282	3			speterson39@fakelibrary.edu	Stuart	Peterson	743 Hughes Terrace	North Mariaton	North Dakota	13899	US	speterson39	TRUE	Suite 226
5420711	3			mbrown29@fakelibrary.edu	Mary	Brown	8798 Conner Fork	Kramerfort	North Dakota	14374	US	mbrown29	TRUE	
7651199	2	2023-06-01	2027-12-31	gtaylor47@fakelibrary.edu	Gina	Taylor	58325 Charles Freeway	Port Scottshire	North Dakota	14830	US	gtaylor47	TRUE	
6114534	2	2019-01-01	2023-05-31	dwise47@fakelibrary.edu	Dave	Wise	7700 Meghan Harbors	Wendyland	North Dakota	15131	US	dwise47	FALSE	Suite 192
9062993	2	2023-06-01	2027-12-31	pchen53@fakelibrary.edu	Paul	Chen	30943 Erin Mountains	Lake Kevin	North Dakota	15973	US	pchen53	TRUE	Apt. 592
5611676	2	2021-01-01	2025-05-31	dmeyers85@fakelibrary.edu	Daniel	Meyers	394 Macias Ferry	Lake Kevin	North Dakota	16496	US	dmeyers85	TRUE	
3547922	2	2023-06-01	2027-12-31	rnelson31@fakelibrary.edu	Russell	Nelson	00883 Sharon Mill	Natalieton	North Dakota	18214	US	rnelson31	TRUE	
4417569	2	2023-06-01	2027-12-31	rdiaz24@fakelibrary.edu	Richard	Diaz	763 Priscilla Glens	North Mariechester	North Dakota	18557	US	rdiaz24	TRUE	Apt. 357
6279783	2	2023-06-01	2027-12-31	tjones56@fakelibrary.edu	Troy	Jones	6094 Michael Trail	Robintown	North Dakota	18567	US	tjones56	TRUE	Suite 021
916394	2	2021-01-01	2025-05-31	fmclaughlin69@fakelibrary.edu	Francisco	Mclaughlin	0649 Julie Villages	Lake Kevin	North Dakota	18784	US	fmclaughlin69	TRUE	Apt. 171
4467342	2	2023-06-01	2027-12-31	smartin77@fakelibrary.edu	Shannon	Martin	2405 Wright Drive	Meganborough	North Dakota	18810	US	smartin77	TRUE	Suite 343
5672752	2	2019-01-01	2023-05-31	lhicks27@fakelibrary.edu	Laura	Hicks	123 Thomas Circle	West Corymouth	North Dakota	19049	US	lhicks27	FALSE	Suite 119
2111919	3			bcooper89@fakelibrary.edu	Bobby	Cooper	462 Rebecca Park	Solisville	North Dakota	19055	US	bcooper89	TRUE	Apt. 060
3218112	3			adean89@fakelibrary.edu	Alexander	Dean	83728 Ortega Parkway	North Lawrence	North Dakota	20137	US	adean89	TRUE	Apt. 057
1535280	2	2021-01-01	2025-05-31	cmanning42@fakelibrary.edu	Christopher	Manning	260 Kurt Trail	Lake Kevin	North Dakota	20813	US	cmanning42	TRUE	
5750184	1			ddorsey34@fakelibrary.edu	David	Dorsey	48880 Raymond Avenue	Lake Sheri	North Dakota	20918	US	ddorsey34	TRUE	Suite 121
1922035	2	2021-01-01	2025-05-31	sdean93@fakelibrary.edu	Shawn	Dean	0556 Watson Alley	Lake Kevin	North Dakota	21059	US	sdean93	TRUE	
2724638	2	2021-01-01	2025-05-31	pconley45@fakelibrary.edu	Patricia	Conley	337 Lori Knolls	Lake Kevin	North Dakota	21827	US	pconley45	TRUE	Apt. 261
7707346	2	2021-01-01	2025-05-31	mevans95@fakelibrary.edu	Michael	Evans	5560 James Village	Lake Kevin	North Dakota	22377	US	mevans95	TRUE	Apt. 005
8212146	2	2023-06-01	2027-12-31	jthomas91@fakelibrary.edu	John	Thomas	017 Matthew Lane	Stephenton	North Dakota	22468	US	jthomas91	TRUE	Suite 309
7434990	1			rfitzpatrick72@fakelibrary.edu	Ronald	Fitzpatrick	0515 Rush Keys	North Jenny	North Dakota	22807	US	rfitzpatrick72	TRUE	
3682432	3			rbright78@fakelibrary.edu	Robert	Bright	0081 Sullivan Forge	New Allison	North Dakota	22918	US	rbright78	TRUE	
4367000	2	2019-01-01	2023-05-31	jburns55@fakelibrary.edu	John	Burns	299 Wendy Ridge	West Jasonstad	North Dakota	23632	US	jburns55	FALSE	Suite 088
7580178	2	2021-01-01	2025-05-31	wwilliams80@fakelibrary.edu	William	Williams	7737 Huber Oval	Lake Kevin	North Dakota	23669	US	wwilliams80	TRUE	
4573135	3			jpowell93@fakelibrary.edu	Jamie	Powell	224 Sergio Land	Lake Kevin	North Dakota	23845	US	jpowell93	TRUE	Suite 859
6139506	2	2019-01-01	2023-05-31	dmorris99@fakelibrary.edu	Dylan	Morris	9772 Ryan Turnpike	West James	North Dakota	24947	US	dmorris99	FALSE	
7121098	2	2023-06-01	2027-12-31	btran26@fakelibrary.edu	Bobby	Tran	7949 Moore Landing	Rojasfort	North Dakota	25273	US	btran26	TRUE	
1089240	1			ahernandez36@fakelibrary.edu	Adam	Hernandez	9481 John Glens	Terrytown	North Dakota	25843	US	ahernandez36	TRUE	
2875941	2	2023-06-01	2027-12-31	jhawkins10@fakelibrary.edu	Jennifer	Hawkins	802 Gallagher Ranch	Nicolestad	North Dakota	26089	US	jhawkins10	TRUE	
3005194	3			jcooper82@fakelibrary.edu	Jacqueline	Cooper	85722 Mary Heights	Lake Kevin	North Dakota	26895	US	jcooper82	TRUE	
7391293	3			kpierce30@fakelibrary.edu	Kristina	Pierce	82976 Johnson Branch	North Rachael	North Dakota	26976	US	kpierce30	TRUE	Suite 538
7359040	2	2023-06-01	2027-12-31	djackson34@fakelibrary.edu	Douglas	Jackson	55835 Griffith Fields	South Kristin	North Dakota	27714	US	djackson34	TRUE	Suite 705
4346043	2	2021-01-01	2025-05-31	rbooth55@fakelibrary.edu	Robert	Booth	8968 Phillip Shoals	Lake Kevin	North Dakota	27944	US	rbooth55	TRUE	
3415788	2	2023-06-01	2027-12-31	nmatthews57@fakelibrary.edu	Nicole	Matthews	541 Jillian Forges	Lake Tracy	North Dakota	28068	US	nmatthews57	TRUE	Apt. 555
5105090	3			kholland18@fakelibrary.edu	Katie	Holland	5583 Castillo Viaduct	Lake Kevin	North Dakota	28644	US	kholland18	TRUE	Apt. 942
7257681	2	2023-06-01	2027-12-31	mlee66@fakelibrary.edu	Mary	Lee	96421 Rebecca Mission	Lake Kevin	North Dakota	30004	US	mlee66	TRUE	Apt. 964
3774519	1			wstone76@fakelibrary.edu	William	Stone	487 James Springs	Lake Kevin	North Dakota	30213	US	wstone76	TRUE	Apt. 636
659710	1			evelasquez69@fakelibrary.edu	Eric	Velasquez	28625 Anthony Pike	North Sarah	North Dakota	30629	US	evelasquez69	TRUE	
4971566	3			athomas29@fakelibrary.edu	Albert	Thomas	20038 John Plains	Reyesview	North Dakota	31181	US	athomas29	TRUE	Apt. 410
3659298	1			jmartinez78@fakelibrary.edu	John	Martinez	6162 Madison Centers	Lake Kevin	North Dakota	31295	US	jmartinez78	TRUE	Suite 565
4462996	3			knewman91@fakelibrary.edu	Katelyn	Newman	813 Elizabeth Valley	Lake Kevin	North Dakota	31541	US	knewman91	TRUE	Suite 764
7454608	1			ckim12@fakelibrary.edu	Clayton	Kim	667 Kaitlyn Meadows	South Tinafort	North Dakota	31841	US	ckim12	TRUE	
3824863	3			dfranklin31@fakelibrary.edu	David	Franklin	649 Cummings Extension	Rachelton	North Dakota	32157	US	dfranklin31	TRUE	
7403132	2	2023-06-01	2027-12-31	kgriffith32@fakelibrary.edu	Kyle	Griffith	5962 John Tunnel	South Vanessafurt	North Dakota	32195	US	kgriffith32	TRUE	
7268281	3			kbauer18@fakelibrary.edu	Kevin	Bauer	9311 White Track	Lake Kevin	North Dakota	32425	US	kbauer18	TRUE	
7212833	2	2021-01-01	2025-05-31	nortiz61@fakelibrary.edu	Nicole	Ortiz	503 David Isle	Lake Kevin	North Dakota	32553	US	nortiz61	TRUE	Suite 235
9517943	2	2021-01-01	2025-05-31	rrivera66@fakelibrary.edu	Ronald	Rivera	97299 Kelly Flats	Lake Kevin	North Dakota	32649	US	rrivera66	TRUE	
1516531	3			wconrad46@fakelibrary.edu	Whitney	Conrad	20058 Cannon Plains	Lake Kevin	North Dakota	32725	US	wconrad46	TRUE	
2522807	1			dmiller48@fakelibrary.edu	David	Miller	7688 Christina Drives	West Ericfort	North Dakota	33719	US	dmiller48	FALSE	Suite 222
236034	2	2023-06-01	2027-12-31	vwood72@fakelibrary.edu	Victoria	Wood	43058 Hernandez Street	Levineland	North Dakota	33746	US	vwood72	TRUE	
8908087	2	2023-06-01	2027-12-31	jdeleon37@fakelibrary.edu	James	Deleon	65647 April Drive	Lake Kevin	North Dakota	34081	US	jdeleon37	TRUE	Apt. 836
4182221	2	2023-06-01	2027-12-31	rhughes85@fakelibrary.edu	Robert	Hughes	4170 Joseph Causeway	South William	North Dakota	36227	US	rhughes85	TRUE	
9808942	2	2023-06-01	2027-12-31	areed13@fakelibrary.edu	Andrew	Reed	6053 Martin Streets	Parsonsside	North Dakota	36239	US	areed13	TRUE	Suite 531
501972	2	2021-01-01	2025-05-31	kvalencia18@fakelibrary.edu	Kurt	Valencia	831 Cynthia Village	Lake Kevin	North Dakota	36574	US	kvalencia18	TRUE	
9105201	1			elamb54@fakelibrary.edu	Elizabeth	Lamb	779 Ronald Trail	Lake Kevin	North Dakota	36665	US	elamb54	TRUE	
6020910	2	2023-06-01	2027-12-31	ataylor61@fakelibrary.edu	Ashley	Taylor	88188 Pennington Streets	Lake Kevin	North Dakota	37338	US	ataylor61	TRUE	
4238362	2	2021-01-01	2025-05-31	mmunoz75@fakelibrary.edu	Matthew	Munoz	72450 Griffin Manor	Lake Kevin	North Dakota	37432	US	mmunoz75	TRUE	
2666822	2	2023-06-01	2027-12-31	rbarker81@fakelibrary.edu	Robin	Barker	78319 Sanchez Rapid	Port Heather	North Dakota	38209	US	rbarker81	TRUE	
7584077	2	2019-01-01	2023-05-31	dryan54@fakelibrary.edu	Dawn	Ryan	243 Laura Cape	West Natalie	North Dakota	38339	US	dryan54	FALSE	Apt. 390
1676402	2	2021-01-01	2025-05-31	bgardner61@fakelibrary.edu	Brittany	Gardner	746 Leslie Lodge	Lake Kevin	North Dakota	38633	US	bgardner61	TRUE	
7743115	3			cmaynard24@fakelibrary.edu	Crystal	Maynard	43208 Danielle Island	New Colleenshire	North Dakota	39793	US	cmaynard24	TRUE	Apt. 223
9513884	2	2023-06-01	2027-12-31	bknight99@fakelibrary.edu	Brian	Knight	034 Daniel Street	Lanemouth	North Dakota	40130	US	bknight99	TRUE	Suite 742
4130178	2	2021-01-01	2025-05-31	fhoffman53@fakelibrary.edu	Frank	Hoffman	05083 Spence Field	Lake Kevin	North Dakota	40142	US	fhoffman53	TRUE	Apt. 741
4163602	3			aholmes26@fakelibrary.edu	Aaron	Holmes	556 Kimberly Greens	Lake Kevin	North Dakota	40238	US	aholmes26	TRUE	
87056	3			kgarcia81@fakelibrary.edu	Kristen	Garcia	798 Shannon Ville	Lake Kevin	North Dakota	40479	US	kgarcia81	TRUE	Suite 637
1117424	3			glove34@fakelibrary.edu	Gabriel	Love	74402 Robert Parks	Lake Johnfurt	North Dakota	40629	US	glove34	TRUE	
747233	2	2023-06-01	2027-12-31	aabbott77@fakelibrary.edu	Autumn	Abbott	1626 Garcia Circle	Lawsonhaven	North Dakota	40648	US	aabbott77	TRUE	
9286658	2	2023-06-01	2027-12-31	mgarcia36@fakelibrary.edu	Melissa	Garcia	36488 Brady Garden	New Jameschester	North Dakota	40782	US	mgarcia36	TRUE	Apt. 423
970105	3			sodom96@fakelibrary.edu	Samantha	Odom	95225 Kim Extensions	West Victoria	North Dakota	40898	US	sodom96	FALSE	
405461	2	2019-01-01	2023-05-31	rneal56@fakelibrary.edu	Robert	Neal	623 King Corner	West Douglasfort	North Dakota	42133	US	rneal56	FALSE	
3968710	2	2023-06-01	2027-12-31	lgreene71@fakelibrary.edu	Laura	Greene	590 Morgan Mission	Lake Kevin	North Dakota	42881	US	lgreene71	TRUE	
6152789	3			jrodgers17@fakelibrary.edu	Jose	Rodgers	99692 Dakota Springs	Lake Christopher	North Dakota	43496	US	jrodgers17	TRUE	
6593063	2	2023-06-01	2027-12-31	hthomas97@fakelibrary.edu	Heidi	Thomas	1689 Ward Forge	Smithport	North Dakota	43571	US	hthomas97	TRUE	Suite 712
867535	2	2023-06-01	2027-12-31	jwilliams69@fakelibrary.edu	Jacqueline	Williams	42491 Logan Square	Lake Kevin	North Dakota	43813	US	jwilliams69	TRUE	Suite 077
214209	1			sgoodwin71@fakelibrary.edu	Susan	Goodwin	635 Rivera Street	Lake Kevin	North Dakota	44538	US	sgoodwin71	TRUE	Apt. 055
7755040	2	2023-06-01	2027-12-31	bmiller27@fakelibrary.edu	Barbara	Miller	21298 Butler Mountains	Pierceview	North Dakota	44810	US	bmiller27	TRUE	Apt. 940
389495	2	2023-06-01	2027-12-31	bperez79@fakelibrary.edu	Bonnie	Perez	74451 Roy Viaduct	South Markton	North Dakota	45032	US	bperez79	TRUE	
1788662	2	2023-06-01	2027-12-31	rmartin66@fakelibrary.edu	Ryan	Martin	487 Richard Ports	Oconnorton	North Dakota	45485	US	rmartin66	TRUE	
9740921	2	2023-06-01	2027-12-31	mmartin21@fakelibrary.edu	Michael	Martin	3772 Hampton Highway	Lake Timothyborough	North Dakota	45599	US	mmartin21	TRUE	
995726	2	2023-06-01	2027-12-31	rsandoval88@fakelibrary.edu	Richard	Sandoval	95970 Rachael Gateway	New John	North Dakota	45669	US	rsandoval88	TRUE	
342957	2	2023-06-01	2027-12-31	svaughn93@fakelibrary.edu	Sean	Vaughn	426 Jessica Keys	Lake Shannonside	North Dakota	45987	US	svaughn93	TRUE	Apt. 675
1688009	2	2023-06-01	2027-12-31	dbaker59@fakelibrary.edu	Daniel	Baker	812 Kimberly Glens	South Andreastad	North Dakota	46022	US	dbaker59	TRUE	Apt. 360
7963445	1			ljordan34@fakelibrary.edu	Lisa	Jordan	26083 Dominique Shoal	Lake Kevin	North Dakota	46197	US	ljordan34	TRUE	
2484136	3			jbrown86@fakelibrary.edu	James	Brown	774 Gonzalez Walk	North Matthew	North Dakota	46716	US	jbrown86	TRUE	
737364	2	2019-01-01	2023-05-31	nnelson45@fakelibrary.edu	Nina	Nelson	5336 Rodriguez Crest	West Evelynfort	North Dakota	47768	US	nnelson45	FALSE	
9956513	2	2023-06-01	2027-12-31	areyes55@fakelibrary.edu	Alexis	Reyes	89626 Smith Land	New Ashley	North Dakota	48201	US	areyes55	TRUE	
3541814	3			drosales79@fakelibrary.edu	David	Rosales	2355 Tracy Unions	Lake Jerryville	North Dakota	48351	US	drosales79	TRUE	Suite 670
3752739	2	2021-01-01	2025-05-31	dclark12@fakelibrary.edu	Derrick	Clark	7985 Bryan Circle	Lake Kevin	North Dakota	48980	US	dclark12	TRUE	
4768951	2	2023-06-01	2027-12-31	cnguyen72@fakelibrary.edu	Christopher	Nguyen	072 Smith Drive	South Aaron	North Dakota	49257	US	cnguyen72	TRUE	
8466167	1			etorres36@fakelibrary.edu	Elizabeth	Torres	285 Lorraine Unions	New Jonathanville	North Dakota	49709	US	etorres36	TRUE	Suite 667
5983001	2	2023-06-01	2027-12-31	mhart58@fakelibrary.edu	Matthew	Hart	028 Johnson Motorway	Port Williamview	North Dakota	49964	US	mhart58	TRUE	Apt. 558
1361575	3			tsweeney69@fakelibrary.edu	Theresa	Sweeney	647 Dana Parkway	Lake Kevin	North Dakota	49976	US	tsweeney69	TRUE	
9128897	2	2019-01-01	2023-05-31	cpeterson98@fakelibrary.edu	Charles	Peterson	409 Scott Stravenue	West Lisa	North Dakota	50135	US	cpeterson98	FALSE	Apt. 650
9232952	3			vmccall13@fakelibrary.edu	Vincent	Mccall	242 Tina Locks	New Reneefort	North Dakota	50265	US	vmccall13	TRUE	
6205102	2	2023-06-01	2027-12-31	ejohnston24@fakelibrary.edu	Erica	Johnston	443 Matthew Crescent	Port Curtismouth	North Dakota	50326	US	ejohnston24	TRUE	
5314782	2	2021-01-01	2025-05-31	mkidd70@fakelibrary.edu	Mark	Kidd	875 Cole Expressway	Lake Kevin	North Dakota	50356	US	mkidd70	TRUE	
787543	3			ajones10@fakelibrary.edu	Ann	Jones	8926 Wells Turnpike	Lake Kevin	North Dakota	50395	US	ajones10	TRUE	Apt. 909
928311	2	2023-06-01	2027-12-31	rmoreno31@fakelibrary.edu	Richard	Moreno	74130 Deborah Groves	Lake Catherineland	North Dakota	50452	US	rmoreno31	TRUE	
1337075	2	2019-01-01	2023-05-31	twalsh62@fakelibrary.edu	Tracy	Walsh	7824 Parrish Rest	Walkermouth	North Dakota	51133	US	twalsh62	FALSE	
5929931	1			sdavis15@fakelibrary.edu	Sarah	Davis	5561 Harris Highway	Lake Kevin	North Dakota	51180	US	sdavis15	TRUE	Suite 782
4936107	2	2023-06-01	2027-12-31	lmathews36@fakelibrary.edu	Linda	Mathews	74979 Sandra Ramp	Lake Anthony	North Dakota	51319	US	lmathews36	TRUE	Apt. 918
5719341	2	2021-01-01	2025-05-31	mbishop18@fakelibrary.edu	Michaela	Bishop	793 Stephanie Ville	Lake Kevin	North Dakota	51527	US	mbishop18	TRUE	
2473314	2	2021-01-01	2025-05-31	lmiller89@fakelibrary.edu	Lori	Miller	48888 Hicks Mountains	Lake Kevin	North Dakota	51571	US	lmiller89	TRUE	Suite 527
4790280	1			kkennedy11@fakelibrary.edu	Kathy	Kennedy	11059 Brooks Keys	Lake Kevin	North Dakota	51793	US	kkennedy11	TRUE	
6496036	2	2019-01-01	2023-05-31	eburton36@fakelibrary.edu	Elizabeth	Burton	374 Mercado Groves	Williamsshire	North Dakota	53483	US	eburton36	FALSE	Suite 181
6827502	2	2023-06-01	2027-12-31	kmiller12@fakelibrary.edu	Karen	Miller	65417 Sara Ridges	New Jerrymouth	North Dakota	53732	US	kmiller12	TRUE	Apt. 396
5714506	2	2023-06-01	2027-12-31	rsolis76@fakelibrary.edu	Robert	Solis	5111 Todd Parks	Lake Kevin	North Dakota	54269	US	rsolis76	TRUE	Apt. 230
7397943	2	2023-06-01	2027-12-31	sfrench10@fakelibrary.edu	Sara	French	81183 Jeffrey Roads	Pinedamouth	North Dakota	55038	US	sfrench10	TRUE	
2944883	2	2021-01-01	2025-05-31	dramsey24@fakelibrary.edu	Daniel	Ramsey	935 James Lock	Lake Kevin	North Dakota	56106	US	dramsey24	TRUE	Apt. 568
6974206	2	2021-01-01	2025-05-31	jpowell59@fakelibrary.edu	Jesse	Powell	6247 Victoria Mountains	Lake Kevin	North Dakota	56194	US	jpowell59	TRUE	
4107729	2	2021-01-01	2025-05-31	mrodriguez68@fakelibrary.edu	Michael	Rodriguez	5417 Cunningham Pike	Lake Kevin	North Dakota	56601	US	mrodriguez68	TRUE	
919029	2	2021-01-01	2025-05-31	jlynch13@fakelibrary.edu	Judy	Lynch	430 Tucker Expressway	Lake Kevin	North Dakota	56708	US	jlynch13	TRUE	
9876316	1			agarcia81@fakelibrary.edu	Andrew	Garcia	32853 Lee Passage	Nataliemouth	North Dakota	59466	US	agarcia81	TRUE	
4373858	2	2023-06-01	2027-12-31	etaylor88@fakelibrary.edu	Elizabeth	Taylor	168 Hubbard Cliff	Millerport	North Dakota	62279	US	etaylor88	TRUE	Suite 999
5479405	3			djacobson91@fakelibrary.edu	Dakota	Jacobson	8802 Melanie Falls	Lake Kevin	North Dakota	62400	US	djacobson91	TRUE	Apt. 846
4874843	2	2023-06-01	2027-12-31	nboyd57@fakelibrary.edu	Natasha	Boyd	005 Kenneth Via	Lake Kevin	North Dakota	62443	US	nboyd57	TRUE	
6791339	2	2023-06-01	2027-12-31	mgates49@fakelibrary.edu	Michelle	Gates	4300 Jensen Freeway	Lake Joseside	North Dakota	62695	US	mgates49	TRUE	
1471502	2	2021-01-01	2025-05-31	knewton62@fakelibrary.edu	Kevin	Newton	757 Salinas Viaduct	Lake Kevin	North Dakota	63178	US	knewton62	TRUE	Apt. 841
729086	1			tsmith86@fakelibrary.edu	Thomas	Smith	551 Caldwell Key	Lake Kevin	North Dakota	63394	US	tsmith86	TRUE	
8180056	2	2023-06-01	2027-12-31	bnichols43@fakelibrary.edu	Benjamin	Nichols	752 Joseph Extension	Martinezland	North Dakota	63680	US	bnichols43	TRUE	
1520675	2	2023-06-01	2027-12-31	gjohnson37@fakelibrary.edu	Gabriella	Johnson	142 Oconnor Hollow	Rebeccaberg	North Dakota	64558	US	gjohnson37	TRUE	Apt. 912
3538951	3			fchase46@fakelibrary.edu	Frank	Chase	054 Christopher Keys	Lake Kevin	North Dakota	64797	US	fchase46	TRUE	
3991947	2	2023-06-01	2027-12-31	sweeks43@fakelibrary.edu	Stephen	Weeks	6032 Laura Brooks	Kristafurt	North Dakota	65180	US	sweeks43	TRUE	Apt. 161
4271598	1			krodriguez45@fakelibrary.edu	Karen	Rodriguez	31245 Reyes Highway	North Joshuamouth	North Dakota	65426	US	krodriguez45	TRUE	
9267930	2	2023-06-01	2027-12-31	daguirre55@fakelibrary.edu	Danielle	Aguirre	8688 Alvarez Expressway	Kylieton	North Dakota	66097	US	daguirre55	TRUE	
6077129	2	2023-06-01	2027-12-31	lfox13@fakelibrary.edu	Lisa	Fox	3927 Meredith Cove	Lake Kevin	North Dakota	67153	US	lfox13	TRUE	
5313075	2	2023-06-01	2027-12-31	kerickson46@fakelibrary.edu	Karen	Erickson	64806 Hernandez Prairie	Port William	North Dakota	67371	US	kerickson46	TRUE	
3915707	2	2019-01-01	2023-05-31	spatrick91@fakelibrary.edu	Sara	Patrick	45228 Martin Springs	West Jeffreyfurt	North Dakota	67820	US	spatrick91	FALSE	
1843750	2	2021-01-01	2025-05-31	eadams35@fakelibrary.edu	Erica	Adams	03962 Fletcher Mission	Lake Kevin	North Dakota	67896	US	eadams35	TRUE	Apt. 826
1639230	1			tblankenship37@fakelibrary.edu	Trevor	Blankenship	36632 Banks Inlet	Lake Kevin	North Dakota	69325	US	tblankenship37	TRUE	
7281327	2	2023-06-01	2027-12-31	jrobinson80@fakelibrary.edu	John	Robinson	9271 Todd Greens	Mcneilland	North Dakota	69578	US	jrobinson80	TRUE	Apt. 963
5268573	2	2021-01-01	2025-05-31	jbenjamin87@fakelibrary.edu	Jennifer	Benjamin	7632 Wang Lights	Lake Kevin	North Dakota	69697	US	jbenjamin87	TRUE	Apt. 337
303446	2	2023-06-01	2027-12-31	dzavala82@fakelibrary.edu	Deborah	Zavala	5135 Zhang Loop	Lake Kevin	North Dakota	69737	US	dzavala82	TRUE	Apt. 789
9901476	2	2021-01-01	2025-05-31	mleonard81@fakelibrary.edu	Mark	Leonard	6360 Turner Lights	Lake Kevin	North Dakota	69904	US	mleonard81	TRUE	Apt. 690
6068448	2	2021-01-01	2025-05-31	jhart84@fakelibrary.edu	John	Hart	20812 David Forge	Lake Kevin	North Dakota	70496	US	jhart84	TRUE	Suite 409
3746790	2	2023-06-01	2027-12-31	asmith22@fakelibrary.edu	Ashley	Smith	978 Laura Dale	New Anna	North Dakota	71036	US	asmith22	TRUE	Apt. 774
4787709	2	2023-06-01	2027-12-31	kjones32@fakelibrary.edu	Kathleen	Jones	2402 Marisa Trace	Mooreton	North Dakota	71224	US	kjones32	TRUE	
8544056	3			rpacheco59@fakelibrary.edu	Roger	Pacheco	506 Steven Junctions	Lake Brittanyfort	North Dakota	71543	US	rpacheco59	TRUE	Suite 744
1602838	2	2021-01-01	2025-05-31	mhunter31@fakelibrary.edu	Martin	Hunter	41240 Schwartz Hollow	Lake Kevin	North Dakota	71743	US	mhunter31	TRUE	Suite 554
6018412	2	2023-06-01	2027-12-31	aadams94@fakelibrary.edu	Anthony	Adams	64384 Fowler Viaduct	Lake Kevin	North Dakota	71938	US	aadams94	TRUE	Apt. 091
6497699	2	2023-06-01	2027-12-31	mowens15@fakelibrary.edu	Michael	Owens	448 Malone Cove	Michaelbury	North Dakota	72110	US	mowens15	TRUE	Apt. 740
5135752	2	2023-06-01	2027-12-31	lherrera73@fakelibrary.edu	Lori	Herrera	8390 Reid Freeway	Markport	North Dakota	72329	US	lherrera73	TRUE	Apt. 357
9034709	2	2021-01-01	2025-05-31	eclark65@fakelibrary.edu	Emily	Clark	322 Bonnie Points	Lake Kevin	North Dakota	72486	US	eclark65	TRUE	Suite 791
1699920	2	2023-06-01	2027-12-31	bcompton39@fakelibrary.edu	Bryan	Compton	38603 Lindsey Trace	New Cliffordberg	North Dakota	72891	US	bcompton39	TRUE	Apt. 477
3386477	2	2021-01-01	2025-05-31	rrobinson24@fakelibrary.edu	Richard	Robinson	9046 Gross Forest	Lake Kevin	North Dakota	73310	US	rrobinson24	TRUE	
8458094	3			jbrown98@fakelibrary.edu	Joshua	Brown	93090 Tammy Bridge	Lake Kevin	North Dakota	73361	US	jbrown98	TRUE	
2688077	2	2023-06-01	2027-12-31	dgilmore20@fakelibrary.edu	Donna	Gilmore	5855 Jonathan Court	South Johnfurt	North Dakota	73681	US	dgilmore20	TRUE	
7948015	2	2023-06-01	2027-12-31	jmartin75@fakelibrary.edu	Jeanette	Martin	6706 Morgan Trafficway	Ryanland	North Dakota	73732	US	jmartin75	TRUE	
2452906	3			bgamble11@fakelibrary.edu	Bianca	Gamble	01164 Gregory Island	Meganburgh	North Dakota	75268	US	bgamble11	TRUE	
1146141	2	2021-01-01	2025-05-31	aguzman61@fakelibrary.edu	Amy	Guzman	38975 Andrew Rue	Lake Kevin	North Dakota	76022	US	aguzman61	TRUE	
314657	2	2023-06-01	2027-12-31	rbrown56@fakelibrary.edu	Rebecca	Brown	863 Robert Crossroad	Lake Kevin	North Dakota	76371	US	rbrown56	TRUE	
7027338	2	2021-01-01	2025-05-31	jjohnson43@fakelibrary.edu	Jeanne	Johnson	6738 Ramirez Ramp	Lake Kevin	North Dakota	76419	US	jjohnson43	TRUE	Suite 861
7747380	2	2023-06-01	2027-12-31	sjohnson29@fakelibrary.edu	Sarah	Johnson	6811 Bond Oval	Kristyfurt	North Dakota	76583	US	sjohnson29	TRUE	Apt. 997
5429202	2	2021-01-01	2025-05-31	ajames28@fakelibrary.edu	Angela	James	73210 Peters Corner	Lake Kevin	North Dakota	76688	US	ajames28	TRUE	Suite 734
7128127	2	2019-01-01	2023-05-31	jspencer99@fakelibrary.edu	Jacqueline	Spencer	95000 Benitez Fort	West Katherine	North Dakota	77412	US	jspencer99	FALSE	Apt. 786
3818558	2	2023-06-01	2027-12-31	ibarker74@fakelibrary.edu	Ian	Barker	813 Farmer Centers	South Amanda	North Dakota	78077	US	ibarker74	TRUE	Suite 857
4768715	2	2023-06-01	2027-12-31	eharrington85@fakelibrary.edu	Ernest	Harrington	63550 Brian Pines	Lake Kevin	North Dakota	78175	US	eharrington85	TRUE	Apt. 696
9222915	3			jmiller76@fakelibrary.edu	Jeremy	Miller	655 Petersen Trace	Lake Kevin	North Dakota	78421	US	jmiller76	TRUE	
4908760	3			jfuller27@fakelibrary.edu	James	Fuller	5847 Reed Manors	Rivashaven	North Dakota	78685	US	jfuller27	TRUE	Apt. 190
6165901	2	2023-06-01	2027-12-31	sstone25@fakelibrary.edu	Stephanie	Stone	267 Hansen Brooks	Leehaven	North Dakota	79252	US	sstone25	TRUE	Apt. 872
8028648	2	2023-06-01	2027-12-31	dyoder10@fakelibrary.edu	Dana	Yoder	255 Freeman Mountain	Stevenburgh	North Dakota	79354	US	dyoder10	TRUE	
8439840	2	2019-01-01	2023-05-31	wdiaz68@fakelibrary.edu	William	Diaz	50500 Dana Shoal	West Martin	North Dakota	79388	US	wdiaz68	FALSE	Apt. 932
9834286	2	2019-01-01	2023-05-31	jhale12@fakelibrary.edu	Jenny	Hale	17503 Daniels Crest	West Abigail	North Dakota	79787	US	jhale12	FALSE	
8796646	2	2021-01-01	2025-05-31	pyork60@fakelibrary.edu	Patricia	York	75125 Hill Port	Lake Kevin	North Dakota	80319	US	pyork60	TRUE	
3508664	2	2023-06-01	2027-12-31	krogers12@fakelibrary.edu	Kathy	Rogers	000 Benson Springs	Lake Johnberg	North Dakota	81272	US	krogers12	TRUE	
2549866	1			jyates30@fakelibrary.edu	Jessica	Yates	3408 Andrea Ridges	Lake Wesleyberg	North Dakota	81414	US	jyates30	TRUE	
2763538	2	2023-06-01	2027-12-31	tcrawford82@fakelibrary.edu	Timothy	Crawford	486 Lisa Stream	Meganhaven	North Dakota	81594	US	tcrawford82	TRUE	
6459543	2	2019-01-01	2023-05-31	jrodriguez39@fakelibrary.edu	Jennifer	Rodriguez	9004 Ochoa Mount	West Jennifer	North Dakota	82147	US	jrodriguez39	FALSE	Suite 765
5250790	2	2019-01-01	2023-05-31	ebrewer31@fakelibrary.edu	Eric	Brewer	4032 Young Burg	West William	North Dakota	82243	US	ebrewer31	FALSE	Suite 599
2526515	2	2023-06-01	2027-12-31	jhutchinson26@fakelibrary.edu	Joshua	Hutchinson	406 Weaver Keys	Ryanfurt	North Dakota	82300	US	jhutchinson26	TRUE	
2798486	1			salexander34@fakelibrary.edu	Stephanie	Alexander	80126 Kelley Tunnel	South Tonifurt	North Dakota	82483	US	salexander34	TRUE	
5377350	2	2021-01-01	2025-05-31	jli58@fakelibrary.edu	Jason	Li	041 Howard Valley	Lake Kevin	North Dakota	82541	US	jli58	TRUE	
2580562	3			awebb34@fakelibrary.edu	Anne	Webb	76728 Williams Light	Lauraborough	North Dakota	83352	US	awebb34	TRUE	Apt. 967
3906484	2	2023-06-01	2027-12-31	jday53@fakelibrary.edu	Jennifer	Day	4807 Gomez Dale	Moniqueside	North Dakota	83407	US	jday53	TRUE	Suite 056
9947221	2	2023-06-01	2027-12-31	hcarr70@fakelibrary.edu	Heather	Carr	117 Albert Islands	Matthewland	North Dakota	83716	US	hcarr70	TRUE	
2339788	2	2023-06-01	2027-12-31	elewis24@fakelibrary.edu	Emily	Lewis	67142 Peterson Lane	Port William	North Dakota	84381	US	elewis24	TRUE	
7546495	3			thunter98@fakelibrary.edu	Tyler	Hunter	6888 Marcus Tunnel	Westville	North Dakota	84448	US	thunter98	FALSE	Apt. 078
5196166	2	2023-06-01	2027-12-31	jmoore12@fakelibrary.edu	Jessica	Moore	091 Parker Freeway	Port Thomas	North Dakota	84640	US	jmoore12	TRUE	
3303115	2	2021-01-01	2025-05-31	lhorne18@fakelibrary.edu	Lori	Horne	0109 Liu Mission	Lake Kevin	North Dakota	85240	US	lhorne18	TRUE	
2649115	2	2023-06-01	2027-12-31	acordova87@fakelibrary.edu	Angela	Cordova	9505 Perez Estate	Lake Kevin	North Dakota	85542	US	acordova87	TRUE	
9987005	2	2023-06-01	2027-12-31	sowens72@fakelibrary.edu	Stanley	Owens	587 Peterson Roads	Rogersfort	North Dakota	85715	US	sowens72	TRUE	
5057733	2	2021-01-01	2025-05-31	avazquez86@fakelibrary.edu	Anna	Vazquez	9520 Elliott Passage	Lake Kevin	North Dakota	85900	US	avazquez86	TRUE	
9732872	3			avillegas53@fakelibrary.edu	Anne	Villegas	31641 Martha Trafficway	Matthewfort	North Dakota	86213	US	avillegas53	TRUE	
8053107	2	2023-06-01	2027-12-31	tmoore59@fakelibrary.edu	Thomas	Moore	5982 Swanson Turnpike	Lake Kevin	North Dakota	86353	US	tmoore59	TRUE	Suite 225
8979902	2	2019-01-01	2023-05-31	sjenkins59@fakelibrary.edu	Stacey	Jenkins	3788 Michael Extensions	Zacharystad	North Dakota	86627	US	sjenkins59	FALSE	Apt. 189
9371217	2	2019-01-01	2023-05-31	jhale90@fakelibrary.edu	Jason	Hale	93024 Victor Corner	Thompsonborough	North Dakota	86672	US	jhale90	FALSE	
8265739	2	2023-06-01	2027-12-31	hmorgan75@fakelibrary.edu	Henry	Morgan	9350 Mcmillan Tunnel	New Derek	North Dakota	86718	US	hmorgan75	TRUE	Suite 138
7711015	2	2023-06-01	2027-12-31	amontgomery25@fakelibrary.edu	Allen	Montgomery	9618 Sampson Mill	Port Nicole	North Dakota	86759	US	amontgomery25	TRUE	
1181630	2	2019-01-01	2023-05-31	pstone32@fakelibrary.edu	Philip	Stone	3538 Brady Hill	Velasquezshire	North Dakota	87228	US	pstone32	FALSE	Suite 680
1722482	2	2023-06-01	2027-12-31	jjones77@fakelibrary.edu	Jasmine	Jones	250 John Drives	Port Michealstad	North Dakota	88398	US	jjones77	TRUE	
4951247	2	2021-01-01	2025-05-31	dmacdonald60@fakelibrary.edu	Darrell	Macdonald	470 Fields Ports	Lake Kevin	North Dakota	88933	US	dmacdonald60	TRUE	Suite 015
5031894	1			wware33@fakelibrary.edu	William	Ware	4967 Pierce Extension	West Margaret	North Dakota	88995	US	wware33	FALSE	
8492340	2	2021-01-01	2025-05-31	sbrown87@fakelibrary.edu	Steven	Brown	747 Shawn Hills	Lake Kevin	North Dakota	89043	US	sbrown87	TRUE	Suite 101
2488370	2	2019-01-01	2023-05-31	rhughes97@fakelibrary.edu	Rose	Hughes	27323 Mckinney Dam	West Thomas	North Dakota	89084	US	rhughes97	FALSE	Suite 093
6630638	3			bbrewer53@fakelibrary.edu	Bailey	Brewer	456 Victoria Trail	North Erin	North Dakota	89387	US	bbrewer53	TRUE	Suite 558
9550919	2	2019-01-01	2023-05-31	dlynn20@fakelibrary.edu	Danielle	Lynn	1216 Ronnie Creek	Williamsfurt	North Dakota	89697	US	dlynn20	FALSE	
6172442	2	2021-01-01	2025-05-31	mchavez99@fakelibrary.edu	Marco	Chavez	94894 Whitehead Circle	Lake Kevin	North Dakota	91787	US	mchavez99	TRUE	
9647879	3			dhunter58@fakelibrary.edu	Danielle	Hunter	152 Ian Roads	Lake Kevin	North Dakota	93391	US	dhunter58	TRUE	
983990	1			jedwards81@fakelibrary.edu	Joseph	Edwards	0310 Martinez Lodge	Lake Kevin	North Dakota	95053	US	jedwards81	TRUE	
6308469	3			ajohnston28@fakelibrary.edu	Angela	Johnston	615 Morrison Green	Lake Timothyborough	North Dakota	95076	US	ajohnston28	TRUE	Suite 849
9295124	3			therrera92@fakelibrary.edu	Tara	Herrera	3486 Heather Overpass	Port Tylermouth	North Dakota	95170	US	therrera92	TRUE	Apt. 256
6378745	2	2021-01-01	2025-05-31	wreed20@fakelibrary.edu	Wendy	Reed	23908 Preston Falls	Lake Kevin	North Dakota	96009	US	wreed20	TRUE	Apt. 670
4097303	2	2023-06-01	2027-12-31	elawson80@fakelibrary.edu	Erica	Lawson	21857 Jennifer Crossroad	Port Rachel	North Dakota	96100	US	elawson80	TRUE	Suite 076
213196	2	2023-06-01	2027-12-31	pcohen87@fakelibrary.edu	Paul	Cohen	5696 Cruz Dale	Lindseyburgh	North Dakota	96353	US	pcohen87	TRUE	Apt. 109
3767610	2	2023-06-01	2027-12-31	mjefferson43@fakelibrary.edu	Matthew	Jefferson	591 Alex Branch	Lake Kevin	North Dakota	96683	US	mjefferson43	TRUE	Suite 924
1501902	2	2019-01-01	2023-05-31	mbishop21@fakelibrary.edu	Megan	Bishop	07334 Amanda Fort	West David	North Dakota	97162	US	mbishop21	FALSE	
2358710	3			mowens64@fakelibrary.edu	Megan	Owens	1059 Morton Stream	Lake Kevin	North Dakota	97359	US	mowens64	TRUE	Apt. 362
3114247	3			pramirez78@fakelibrary.edu	Patrick	Ramirez	399 Kevin Stream	West Misty	North Dakota	97796	US	pramirez78	FALSE	Apt. 873
7702648	2	2023-06-01	2027-12-31	xelliott20@fakelibrary.edu	Xavier	Elliott	519 Jerry Port	Riveraborough	North Dakota	99322	US	xelliott20	TRUE	
9623712	1			cday90@fakelibrary.edu	Colleen	Day	259 Crawford Creek	New Richard	North Dakota	99426	US	cday90	TRUE	
